label,mode,res,mean,std
CA-Mixer,native,16,30.933331449826557,0.1159019482888126
CA-Mixer,native,24,53.646665811538696,0.6288339112698107
CA-Mixer,native,32,62.86999781926473,0.24062535095709287
CA-Mixer,native,40,47.82999853293101,0.636631771545448
CA-Mixer,native,48,32.153332233428955,0.8220309435293809
CA-Mixer,native,64,10.813333342472712,2.012221255217046
CA-Mixer,resize->32,16,24.019999305407207,0.8296390036943542
CA-Mixer,resize->32,24,34.89333192507426,0.24785793412332102
CA-Mixer,resize->32,32,62.86999781926473,0.24062535095709287
CA-Mixer,resize->32,40,50.01666645208994,0.4899322725581231
CA-Mixer,resize->32,48,52.03999876976013,0.37242323116945864
CA-Mixer,resize->32,64,50.286665558815,0.49135739501508136
MLP-Mixer,native,16,,
MLP-Mixer,native,24,,
MLP-Mixer,native,32,55.26999831199646,0.5729766692063614
MLP-Mixer,native,40,,
MLP-Mixer,native,48,,
MLP-Mixer,native,64,,
MLP-Mixer,resize->32,16,19.80999956528346,0.5480872920953768
MLP-Mixer,resize->32,24,27.72333224614461,0.34530092789143135
MLP-Mixer,resize->32,32,55.26999831199646,0.5729766692063614
MLP-Mixer,resize->32,40,39.96666570504507,0.5665981760383169
MLP-Mixer,resize->32,48,42.64333148797353,0.3066485091376546
MLP-Mixer,resize->32,64,40.843331813812256,0.40253397823880355
