name,role,group,selected,config,recipe,params_M,gflops_32px,T_32px
MLP-Mixer (base),reference,main,False,MLP-Mixer | patch=4 dim=128 depth=6 token_hidden=256 channel_hidden=512,epochs=100 bs=256 lr=0.001 wd=0.05 label_smoothing=0.1 cutmix_p=0.0 train_res=32 only AMP=True,1.0113,0.1518,
ResMLP (base),reference,main,False,ResMLP | patch=4 dim=128 depth=6 channel_hidden=512 layerscale_init=0.1,epochs=100 bs=256 lr=0.001 wd=0.05 label_smoothing=0.1 cutmix_p=0.0 train_res=32 only AMP=True,0.8393,0.1078,
MLP-Mixer (param-matched),param-matched,main,False,MLP-Mixer | patch=4 dim=128 depth=6 token_hidden=256 channel_hidden=640,epochs=100 bs=256 lr=0.001 wd=0.05 label_smoothing=0.1 cutmix_p=0.0 train_res=32 only AMP=True,1.2087,0.177,
ResMLP (param-matched),param-matched,main,False,ResMLP | patch=4 dim=128 depth=6 channel_hidden=751 layerscale_init=0.1,epochs=100 bs=256 lr=0.001 wd=0.05 label_smoothing=0.1 cutmix_p=0.0 train_res=32 only AMP=True,1.2078,0.1548,
MLP-Mixer (FLOP-matched),FLOP-matched,main,False,MLP-Mixer | patch=4 dim=256 depth=6 token_hidden=256 channel_hidden=1011,epochs=100 bs=256 lr=0.001 wd=0.05 label_smoothing=0.1 cutmix_p=0.0 train_res=32 only AMP=True,3.3568,0.4998,
ResMLP (FLOP-matched),FLOP-matched,main,False,ResMLP | patch=4 dim=256 depth=6 channel_hidden=1235 layerscale_init=0.1,epochs=100 bs=256 lr=0.001 wd=0.05 label_smoothing=0.1 cutmix_p=0.0 train_res=32 only AMP=True,3.8758,0.4998,
"CA-Mixer (spec, kappa=1)",proposed,main,False,"CA-Mixer | patch=4 dim=128 depth=6 nca_hidden=128 channel_hidden=512 | T=ceil(1.0*max(h,w)), min 1 | T_jitter=0.0 | update_prob=0.8 | frozen_filters=True | identity_kernel=False",epochs=100 bs=256 lr=0.001 wd=0.05 label_smoothing=0.1 cutmix_p=0.0 train_res=32 only AMP=True,1.2075,0.5254,8.0
"CA-Mixer (kappa=0.5, T-jitter)",proposed,main,False,"CA-Mixer | patch=4 dim=128 depth=6 nca_hidden=128 channel_hidden=512 | T=ceil(0.5*max(h,w)), min 2 | T_jitter=0.25 | update_prob=0.8 | frozen_filters=True | identity_kernel=False",epochs=100 bs=256 lr=0.001 wd=0.05 label_smoothing=0.1 cutmix_p=0.0 train_res=32 only AMP=True,1.2075,0.3134,4.0
"CA-Mixer (kappa=0.5, T-jitter, multi-res train)",proposed,ca_extra,False,"CA-Mixer | patch=4 dim=128 depth=6 nca_hidden=128 channel_hidden=512 | T=ceil(0.5*max(h,w)), min 2 | T_jitter=0.25 | update_prob=0.8 | frozen_filters=True | identity_kernel=False","epochs=100 bs=256 lr=0.001 wd=0.05 label_smoothing=0.1 cutmix_p=0.0 train_res=[24, 32, 40] AMP=True",1.2075,0.3134,4.0
"CA-Pyramid (spec, kappa=1)",proposed,pyramid,False,"CA-Pyramid | patch=2 dims=[46, 92, 184] depths=[2, 2, 2] nca_hidden=1.0x ch_hidden=4.17x | T=ceil(1.0*max(h,w)) per stage, min 1 | T_jitter=0.0 | update_prob=0.8",epochs=100 bs=256 lr=0.001 wd=0.05 label_smoothing=0.1 cutmix_p=0.0 train_res=32 only AMP=True,1.2085,0.3283,16.0
"CA-Pyramid (kappa=0.5, T-jitter)",proposed,pyramid,False,"CA-Pyramid | patch=2 dims=[46, 92, 184] depths=[2, 2, 2] nca_hidden=1.0x ch_hidden=4.17x | T=ceil(0.5*max(h,w)) per stage, min 2 | T_jitter=0.25 | update_prob=0.8",epochs=100 bs=256 lr=0.001 wd=0.05 label_smoothing=0.1 cutmix_p=0.0 train_res=32 only AMP=True,1.2085,0.1936,8.0
"CA-Pyramid (kappa=0.5, T-jitter, multi-res train)",proposed,pyramid,False,"CA-Pyramid | patch=2 dims=[46, 92, 184] depths=[2, 2, 2] nca_hidden=1.0x ch_hidden=4.17x | T=ceil(0.5*max(h,w)) per stage, min 2 | T_jitter=0.25 | update_prob=0.8","epochs=100 bs=256 lr=0.001 wd=0.05 label_smoothing=0.1 cutmix_p=0.0 train_res=[24, 32, 40] AMP=True",1.2085,0.1936,8.0
CA-Halt (learned T),proposed,stable,False,"CA-Mixer (stable) | patch=4 dim=128 depth=6 nca_hidden=128 channel_hidden=512 | learned halting (PonderNet-style) Tmax=8 prior_lam=0.3 KL_w=0.01 eval_eps=0.05 | h += beta*(tanh f(p) - leak*(h - x)), beta=0.5 leak=1.0 | update_prob=0.8",epochs=100 bs=256 lr=0.001 wd=0.05 label_smoothing=0.1 cutmix_p=0.0 train_res=32 only AMP=True,1.2083,0.5254,8.0
"CA-Halt (learned T, multi-res train)",proposed,stable,False,"CA-Mixer (stable) | patch=4 dim=128 depth=6 nca_hidden=128 channel_hidden=512 | learned halting (PonderNet-style) Tmax=8 prior_lam=0.3 KL_w=0.01 eval_eps=0.05 | h += beta*(tanh f(p) - leak*(h - x)), beta=0.5 leak=1.0 | update_prob=0.8","epochs=100 bs=256 lr=0.001 wd=0.05 label_smoothing=0.1 cutmix_p=0.0 train_res=[24, 32, 40] AMP=True",1.2083,0.5254,8.0
CA-Pyramid-Halt (learned T),proposed,stable,False,"CA-Pyramid (stable) | patch=2 d=46 depths=[2, 2, 2] f_mult=1.0 ch_mult=4.17 | learned halting (PonderNet-style) Tmax=8 prior_lam=0.3 KL_w=0.01 eval_eps=0.05 | h += beta*(tanh f(p) - leak*(h - x)), beta=0.5 leak=1.0 | update_prob=0.8",epochs=100 bs=256 lr=0.001 wd=0.05 label_smoothing=0.1 cutmix_p=0.0 train_res=32 only AMP=True,1.2091,0.2847,8.0
CA-Pyramid-Stable (T=4 fixed),ablation,stable,False,"CA-Pyramid (stable) | patch=2 d=46 depths=[2, 2, 2] f_mult=1.0 ch_mult=4.17 | T=4 fixed | h += beta*(tanh f(p) - leak*(h - x)), beta=0.5 leak=1.0 | update_prob=0.8",epochs=100 bs=256 lr=0.001 wd=0.05 label_smoothing=0.1 cutmix_p=0.0 train_res=32 only AMP=True,1.2091,0.1718,4.0
CA-Pyramid-Stable (T=8 fixed),ablation,stable,False,"CA-Pyramid (stable) | patch=2 d=46 depths=[2, 2, 2] f_mult=1.0 ch_mult=4.17 | T=8 fixed | h += beta*(tanh f(p) - leak*(h - x)), beta=0.5 leak=1.0 | update_prob=0.8",epochs=100 bs=256 lr=0.001 wd=0.05 label_smoothing=0.1 cutmix_p=0.0 train_res=32 only AMP=True,1.2091,0.2847,8.0
CA-Stable (T=4 fixed),ablation,stable,False,"CA-Mixer (stable) | patch=4 dim=128 depth=6 nca_hidden=128 channel_hidden=512 | T=4 fixed | h += beta*(tanh f(p) - leak*(h - x)), beta=0.5 leak=1.0 | update_prob=0.8",epochs=100 bs=256 lr=0.001 wd=0.05 label_smoothing=0.1 cutmix_p=0.0 train_res=32 only AMP=True,1.2083,0.3134,4.0
CA-Stable (T=8 fixed),ablation,stable,False,"CA-Mixer (stable) | patch=4 dim=128 depth=6 nca_hidden=128 channel_hidden=512 | T=8 fixed | h += beta*(tanh f(p) - leak*(h - x)), beta=0.5 leak=1.0 | update_prob=0.8",epochs=100 bs=256 lr=0.001 wd=0.05 label_smoothing=0.1 cutmix_p=0.0 train_res=32 only AMP=True,1.2083,0.5254,8.0
"CA-Halt (no leak, beta=1)",ablation,stable_abl,False,"CA-Mixer (stable) | patch=4 dim=128 depth=6 nca_hidden=128 channel_hidden=512 | learned halting (PonderNet-style) Tmax=8 prior_lam=0.3 KL_w=0.01 eval_eps=0.05 | h += beta*(tanh f(p) - leak*(h - x)), beta=1.0 leak=0.0 | update_prob=0.8",epochs=100 bs=256 lr=0.001 wd=0.05 label_smoothing=0.1 cutmix_p=0.0 train_res=32 only AMP=True,1.2083,0.5254,8.0
CA-Halt (no KL prior),ablation,stable_abl,False,"CA-Mixer (stable) | patch=4 dim=128 depth=6 nca_hidden=128 channel_hidden=512 | learned halting (PonderNet-style) Tmax=8 prior_lam=0.3 KL_w=0.0 eval_eps=0.05 | h += beta*(tanh f(p) - leak*(h - x)), beta=0.5 leak=1.0 | update_prob=0.8",epochs=100 bs=256 lr=0.001 wd=0.05 label_smoothing=0.1 cutmix_p=0.0 train_res=32 only AMP=True,1.2083,0.5254,8.0
CA-Halt (tmax=16),ablation,stable_abl,False,"CA-Mixer (stable) | patch=4 dim=128 depth=6 nca_hidden=128 channel_hidden=512 | learned halting (PonderNet-style) Tmax=16 prior_lam=0.3 KL_w=0.01 eval_eps=0.05 | h += beta*(tanh f(p) - leak*(h - x)), beta=0.5 leak=1.0 | update_prob=0.8",epochs=100 bs=256 lr=0.001 wd=0.05 label_smoothing=0.1 cutmix_p=0.0 train_res=32 only AMP=True,1.2083,0.9493,16.0
"CA-Mixer (1.9M, kappa=0.5, T-jitter)",proposed,scale,True,"CA-Mixer | patch=4 dim=160 depth=6 nca_hidden=160 channel_hidden=652 | T=ceil(0.5*max(h,w)), min 2 | T_jitter=0.25 | update_prob=0.8 | frozen_filters=True | identity_kernel=False",epochs=100 bs=256 lr=0.001 wd=0.05 label_smoothing=0.1 cutmix_p=0.0 train_res=32 only AMP=True,1.9011,0.4891,4.0
"CA-Mixer (kappa=0.5, no jitter)",ablation,ablation,False,"CA-Mixer | patch=4 dim=128 depth=6 nca_hidden=128 channel_hidden=512 | T=ceil(0.5*max(h,w)), min 2 | T_jitter=0.0 | update_prob=0.8 | frozen_filters=True | identity_kernel=False",epochs=100 bs=256 lr=0.001 wd=0.05 label_smoothing=0.1 cutmix_p=0.0 train_res=32 only AMP=True,1.2075,0.3134,4.0
CA-Mixer (T=4 fixed),ablation,ablation,False,CA-Mixer | patch=4 dim=128 depth=6 nca_hidden=128 channel_hidden=512 | T=4 fixed | T_jitter=0.0 | update_prob=0.8 | frozen_filters=True | identity_kernel=False,epochs=100 bs=256 lr=0.001 wd=0.05 label_smoothing=0.1 cutmix_p=0.0 train_res=32 only AMP=True,1.2075,0.3134,4.0
CA-Mixer (T=1),ablation,ablation,False,CA-Mixer | patch=4 dim=128 depth=6 nca_hidden=128 channel_hidden=512 | T=1 fixed | T_jitter=0.0 | update_prob=0.8 | frozen_filters=True | identity_kernel=False,epochs=100 bs=256 lr=0.001 wd=0.05 label_smoothing=0.1 cutmix_p=0.0 train_res=32 only AMP=True,1.2075,0.1545,1.0
CA-Mixer (no mask),ablation,ablation,False,"CA-Mixer | patch=4 dim=128 depth=6 nca_hidden=128 channel_hidden=512 | T=ceil(0.5*max(h,w)), min 2 | T_jitter=0.25 | update_prob=1.0 | frozen_filters=True | identity_kernel=False",epochs=100 bs=256 lr=0.001 wd=0.05 label_smoothing=0.1 cutmix_p=0.0 train_res=32 only AMP=True,1.2075,0.3134,4.0
CA-Mixer (learnable filters),ablation,ablation,False,"CA-Mixer | patch=4 dim=128 depth=6 nca_hidden=128 channel_hidden=512 | T=ceil(0.5*max(h,w)), min 2 | T_jitter=0.25 | update_prob=0.8 | frozen_filters=False | identity_kernel=False",epochs=100 bs=256 lr=0.001 wd=0.05 label_smoothing=0.1 cutmix_p=0.0 train_res=32 only AMP=True,1.2283,0.3134,4.0
CA-Mixer (+identity kernel),ablation,ablation,False,"CA-Mixer | patch=4 dim=128 depth=6 nca_hidden=128 channel_hidden=512 | T=ceil(0.5*max(h,w)), min 2 | T_jitter=0.25 | update_prob=0.8 | frozen_filters=True | identity_kernel=True",epochs=100 bs=256 lr=0.001 wd=0.05 label_smoothing=0.1 cutmix_p=0.0 train_res=32 only AMP=True,1.3058,0.3673,4.0
"DWConv-Mixer (param-matched, k=7)",control,ablation,False,DWConv-Mixer | patch=4 dim=128 depth=6 channel_hidden=744 dw_kernel=7,epochs=100 bs=256 lr=0.001 wd=0.05 label_smoothing=0.1 cutmix_p=0.0 train_res=32 only AMP=True,1.2089,0.1519,
